{
    "name": "root",
    "gauges": {
        "Tennis.Policy.Entropy.mean": {
            "value": 1.3909307718276978,
            "min": 1.3909307718276978,
            "max": 1.4189382791519165,
            "count": 39
        },
        "Tennis.Policy.Entropy.sum": {
            "value": 13884.2705078125,
            "min": 13884.2705078125,
            "max": 14240.46484375,
            "count": 39
        },
        "Tennis.Environment.EpisodeLength.mean": {
            "value": 18.727272727272727,
            "min": 18.153256704980844,
            "max": 20.08016877637131,
            "count": 39
        },
        "Tennis.Environment.EpisodeLength.sum": {
            "value": 9476.0,
            "min": 9430.0,
            "max": 9604.0,
            "count": 39
        },
        "Tennis.Self-play.ELO.mean": {
            "value": 1190.433724344438,
            "min": 1189.3401686138693,
            "max": 1208.5985695592706,
            "count": 39
        },
        "Tennis.Self-play.ELO.sum": {
            "value": 301179.7322591428,
            "min": 283143.96942818875,
            "max": 312095.8636586906,
            "count": 39
        },
        "Tennis.Step.mean": {
            "value": 194985.0,
            "min": 4999.0,
            "max": 194985.0,
            "count": 39
        },
        "Tennis.Step.sum": {
            "value": 194985.0,
            "min": 4999.0,
            "max": 194985.0,
            "count": 39
        },
        "Tennis.Policy.ExtrinsicValueEstimate.mean": {
            "value": -0.14080050587654114,
            "min": -1.5317226648330688,
            "max": -0.006637071259319782,
            "count": 39
        },
        "Tennis.Policy.ExtrinsicValueEstimate.sum": {
            "value": -35.622528076171875,
            "min": -381.5298767089844,
            "max": -1.6327195167541504,
            "count": 39
        },
        "Tennis.Policy.GailValueEstimate.mean": {
            "value": 4.42177677154541,
            "min": -0.9112327098846436,
            "max": 6.8642988204956055,
            "count": 39
        },
        "Tennis.Policy.GailValueEstimate.sum": {
            "value": 1118.70947265625,
            "min": -224.1632537841797,
            "max": 1709.21044921875,
            "count": 39
        },
        "Tennis.Environment.CumulativeReward.mean": {
            "value": -0.21383398983318344,
            "min": -0.38599999809265134,
            "max": -0.0024390225487995925,
            "count": 39
        },
        "Tennis.Environment.CumulativeReward.sum": {
            "value": -54.09999942779541,
            "min": -96.49999952316284,
            "max": -0.5999995470046997,
            "count": 39
        },
        "Tennis.Policy.ExtrinsicReward.mean": {
            "value": -0.21383398983318344,
            "min": -0.38599999809265134,
            "max": -0.0024390225487995925,
            "count": 39
        },
        "Tennis.Policy.ExtrinsicReward.sum": {
            "value": -54.09999942779541,
            "min": -96.49999952316284,
            "max": -0.5999995470046997,
            "count": 39
        },
        "Tennis.Policy.GailReward.mean": {
            "value": 8.208867167177878,
            "min": 1.4419920984655619,
            "max": 15.454507632235602,
            "count": 39
        },
        "Tennis.Policy.GailReward.sum": {
            "value": 2076.8433932960033,
            "min": 369.14997720718384,
            "max": 3693.627324104309,
            "count": 39
        },
        "Tennis.IsTraining.mean": {
            "value": 1.0,
            "min": 1.0,
            "max": 1.0,
            "count": 39
        },
        "Tennis.IsTraining.sum": {
            "value": 1.0,
            "min": 1.0,
            "max": 1.0,
            "count": 39
        },
        "Tennis.Losses.PolicyLoss.mean": {
            "value": 0.01786176993045956,
            "min": 0.012821929637963574,
            "max": 0.018326410185545684,
            "count": 9
        },
        "Tennis.Losses.PolicyLoss.sum": {
            "value": 0.01786176993045956,
            "min": 0.012821929637963574,
            "max": 0.018326410185545684,
            "count": 9
        },
        "Tennis.Losses.ValueLoss.mean": {
            "value": 1.944728155930837,
            "min": 1.7449775874614715,
            "max": 6.9378768603007,
            "count": 9
        },
        "Tennis.Losses.ValueLoss.sum": {
            "value": 1.944728155930837,
            "min": 1.7449775874614715,
            "max": 6.9378768603007,
            "count": 9
        },
        "Tennis.Policy.LearningRate.mean": {
            "value": 0.0003,
            "min": 0.0003,
            "max": 0.0003,
            "count": 9
        },
        "Tennis.Policy.LearningRate.sum": {
            "value": 0.0003,
            "min": 0.0003,
            "max": 0.0003,
            "count": 9
        },
        "Tennis.Policy.Epsilon.mean": {
            "value": 0.20000000000000007,
            "min": 0.20000000000000007,
            "max": 0.20000000000000007,
            "count": 9
        },
        "Tennis.Policy.Epsilon.sum": {
            "value": 0.20000000000000007,
            "min": 0.20000000000000007,
            "max": 0.20000000000000007,
            "count": 9
        },
        "Tennis.Policy.Beta.mean": {
            "value": 0.005000000000000001,
            "min": 0.005000000000000001,
            "max": 0.005000000000000001,
            "count": 9
        },
        "Tennis.Policy.Beta.sum": {
            "value": 0.005000000000000001,
            "min": 0.005000000000000001,
            "max": 0.005000000000000001,
            "count": 9
        },
        "Tennis.Policy.GAILPolicyEstimate.mean": {
            "value": 0.22730912218491237,
            "min": 0.22730912218491237,
            "max": 0.3675481180349986,
            "count": 9
        },
        "Tennis.Policy.GAILPolicyEstimate.sum": {
            "value": 0.22730912218491237,
            "min": 0.22730912218491237,
            "max": 0.3675481180349986,
            "count": 9
        },
        "Tennis.Policy.GAILExpertEstimate.mean": {
            "value": 0.7412299831708272,
            "min": 0.643031586209933,
            "max": 0.7412299831708272,
            "count": 9
        },
        "Tennis.Policy.GAILExpertEstimate.sum": {
            "value": 0.7412299831708272,
            "min": 0.643031586209933,
            "max": 0.7412299831708272,
            "count": 9
        },
        "Tennis.Losses.GAILLoss.mean": {
            "value": 0.6237710277239482,
            "min": 0.6237710277239482,
            "max": 0.9942864874998728,
            "count": 9
        },
        "Tennis.Losses.GAILLoss.sum": {
            "value": 0.6237710277239482,
            "min": 0.6237710277239482,
            "max": 0.9942864874998728,
            "count": 9
        },
        "Tennis.Policy.GAILGradMagLoss.mean": {
            "value": 0.4058509727319082,
            "min": 0.4058509727319082,
            "max": 8.766493924458821,
            "count": 9
        },
        "Tennis.Policy.GAILGradMagLoss.sum": {
            "value": 0.4058509727319082,
            "min": 0.4058509727319082,
            "max": 8.766493924458821,
            "count": 9
        },
        "Tennis.Losses.PretrainingLoss.mean": {
            "value": 1.0023991763591766,
            "min": 1.0023991763591766,
            "max": 1.1944007277488708,
            "count": 9
        },
        "Tennis.Losses.PretrainingLoss.sum": {
            "value": 1.0023991763591766,
            "min": 1.0023991763591766,
            "max": 1.1944007277488708,
            "count": 9
        }
    },
    "metadata": {
        "timer_format_version": "0.1.0",
        "start_time_seconds": "1685300130",
        "python_version": "3.9.16 (main, Mar  8 2023, 10:39:24) [MSC v.1916 64 bit (AMD64)]",