{
    "name": "root",
    "gauges": {
        "Tennis.Policy.Entropy.mean": {
            "value": 1.4199236631393433,
            "min": 1.4189382791519165,
            "max": 1.420045256614685,
            "count": 7
        },
        "Tennis.Policy.Entropy.sum": {
            "value": 14094.162109375,
            "min": 14094.162109375,
            "max": 14305.5361328125,
            "count": 7
        },
        "Tennis.Environment.EpisodeLength.mean": {
            "value": 18.311284046692606,
            "min": 18.311284046692606,
            "max": 19.217741935483872,
            "count": 7
        },
        "Tennis.Environment.EpisodeLength.sum": {
            "value": 9412.0,
            "min": 9412.0,
            "max": 9560.0,
            "count": 7
        },
        "Tennis.Self-play.ELO.mean": {
            "value": 1196.2977932508609,
            "min": 1191.5804234752384,
            "max": 1203.4114642034494,
            "count": 7
        },
        "Tennis.Self-play.ELO.sum": {
            "value": 307448.53286547126,
            "min": 297001.95953336207,
            "max": 309276.7463002865,
            "count": 7
        },
        "Tennis.Step.mean": {
            "value": 34991.0,
            "min": 4995.0,
            "max": 34991.0,
            "count": 7
        },
        "Tennis.Step.sum": {
            "value": 34991.0,
            "min": 4995.0,
            "max": 34991.0,
            "count": 7
        },
        "Tennis.Policy.ExtrinsicValueEstimate.mean": {
            "value": -0.1543036699295044,
            "min": -0.19798040390014648,
            "max": -0.07202467322349548,
            "count": 7
        },
        "Tennis.Policy.ExtrinsicValueEstimate.sum": {
            "value": -39.656044006347656,
            "min": -49.91730880737305,
            "max": -18.366291046142578,
            "count": 7
        },
        "Tennis.Environment.CumulativeReward.mean": {
            "value": -0.07509727468750356,
            "min": -0.07509727468750356,
            "max": 0.05882353104797064,
            "count": 7
        },
        "Tennis.Environment.CumulativeReward.sum": {
            "value": -19.299999594688416,
            "min": -19.299999594688416,
            "max": 15.000000417232513,
            "count": 7
        },
        "Tennis.Policy.ExtrinsicReward.mean": {
            "value": -0.07509727468750356,
            "min": -0.07509727468750356,
            "max": 0.05882353104797064,
            "count": 7
        },
        "Tennis.Policy.ExtrinsicReward.sum": {
            "value": -19.299999594688416,
            "min": -19.299999594688416,
            "max": 15.000000417232513,
            "count": 7
        },
        "Tennis.IsTraining.mean": {
            "value": 1.0,
            "min": 1.0,
            "max": 1.0,
            "count": 7
        },
        "Tennis.IsTraining.sum": {
            "value": 1.0,
            "min": 1.0,
            "max": 1.0,
            "count": 7
        },
        "Tennis.Losses.PolicyLoss.mean": {
            "value": 0.021926625973234574,
            "min": 0.021926625973234574,
            "max": 0.021926625973234574,
            "count": 1
        },
        "Tennis.Losses.PolicyLoss.sum": {
            "value": 0.021926625973234574,
            "min": 0.021926625973234574,
            "max": 0.021926625973234574,
            "count": 1
        },
        "Tennis.Losses.ValueLoss.mean": {
            "value": 0.0668316572283705,
            "min": 0.0668316572283705,
            "max": 0.0668316572283705,
            "count": 1
        },
        "Tennis.Losses.ValueLoss.sum": {
            "value": 0.0668316572283705,
            "min": 0.0668316572283705,
            "max": 0.0668316572283705,
            "count": 1
        },
        "Tennis.Policy.LearningRate.mean": {
            "value": 0.0003,
            "min": 0.0003,
            "max": 0.0003,
            "count": 1
        },
        "Tennis.Policy.LearningRate.sum": {
            "value": 0.0003,
            "min": 0.0003,
            "max": 0.0003,
            "count": 1
        },
        "Tennis.Policy.Epsilon.mean": {
            "value": 0.20000000000000007,
            "min": 0.20000000000000007,
            "max": 0.20000000000000007,
            "count": 1
        },
        "Tennis.Policy.Epsilon.sum": {
            "value": 0.20000000000000007,
            "min": 0.20000000000000007,
            "max": 0.20000000000000007,
            "count": 1
        },
        "Tennis.Policy.Beta.mean": {
            "value": 0.005000000000000001,
            "min": 0.005000000000000001,
            "max": 0.005000000000000001,
            "count": 1
        },
        "Tennis.Policy.Beta.sum": {
            "value": 0.005000000000000001,
            "min": 0.005000000000000001,
            "max": 0.005000000000000001,
            "count": 1
        }
    },
    "metadata": {
        "timer_format_version": "0.1.0",
        "start_time_seconds": "1684870181",
        "python_version": "3.9.16 (main, Mar  8 2023, 10:39:24) [MSC v.1916 64 bit (AMD64)]",
        "command_line_arguments": "D:\\jordy\\Games\\Unity_Games\\Anaconda_map\\envs\\MLAgents_venv\\Scripts\\mlagents-learn config/tennis.yaml --run-id=TennisAgent3 --force",
        "mlagents_version": "0.30.0",
        "mlagents_envs_version": "0.30.0",
        "communication_protocol_version": "1.5.0",
        "pytorch_version": "1.7.1+cu110",
        "numpy_version": "1.21.2",
        "end_time_seconds": "1684870768"
    },
    "total": 587.1534141999999,
    "count": 1,
    "self": 0.014653499999894848,
    "children": {
        "run_training.setup": {
            "total": 0.09175449999999996,
            "count": 1,
            "self": 0.09175449999999996
        },
        "TrainerController.start_learning": {
            "total": 587.0470062,
            "count": 1,
            "self": 0.6525684000037018,
            "children": {
                "TrainerController._reset_env": {
                    "total": 9.265468899999952,
                    "count": 4,
                    "self": 9.265468899999952
                },
                "TrainerController.advance": {
                    "total": 576.1314392999964,
                    "count": 36729,
                    "self": 0.6051989999978105,
                    "children": {
                        "env_step": {
                            "total": 547.4979309000005,
                            "count": 36729,
                            "self": 363.72214309999305,
                            "children": {
                                "SubprocessEnvManager._take_step": {
                                    "total": 183.1874820000007,
                                    "count": 36729,
                                    "self": 3.3054874000044663,
                                    "children": {
                                        "TorchPolicy.evaluate": {
                                            "total": 179.88199459999623,
                                            "count": 70610,
                                            "self": 179.88199459999623
                                        }
                                    }
                                },
                                "workers": {
                                    "total": 0.5883058000067507,
                                    "count": 36728,
                                    "self": 0.0,
                                    "children": {
                                        "worker_root": {
                                            "total": 515.9954435000012,
                                            "count": 36728,
                                            "is_parallel": true,
                                            "self": 251.08985850000244,