{
    "name": "root",
    "gauges": {
        "Tennis.Policy.Entropy.mean": {
            "value": 1.4179266691207886,
            "min": 1.4179266691207886,
            "max": 1.4186385869979858,
            "count": 2
        },
        "Tennis.Policy.Entropy.sum": {
            "value": 141758.640625,
            "min": 141758.640625,
            "max": 141903.578125,
            "count": 2
        },
        "Tennis.Environment.EpisodeLength.mean": {
            "value": 19.724709784411278,
            "min": 18.973642172523963,
            "max": 19.724709784411278,
            "count": 2
        },
        "Tennis.Environment.EpisodeLength.sum": {
            "value": 95152.0,
            "min": 95020.0,
            "max": 95152.0,
            "count": 2
        },
        "Tennis.Self-play.ELO.mean": {
            "value": 1200.7303827372255,
            "min": 1195.890941195678,
            "max": 1200.7303827372255,
            "count": 2
        },
        "Tennis.Self-play.ELO.sum": {
            "value": 2896161.6831621877,
            "min": 2896161.6831621877,
            "max": 2994510.9167539775,
            "count": 2
        },
        "Tennis.Step.mean": {
            "value": 99983.0,
            "min": 49996.0,
            "max": 99983.0,
            "count": 2
        },
        "Tennis.Step.sum": {
            "value": 99983.0,
            "min": 49996.0,
            "max": 99983.0,
            "count": 2
        },
        "Tennis.Policy.ExtrinsicBaselineEstimate.mean": {
            "value": 0.01924140751361847,
            "min": -0.0014802641235291958,
            "max": 0.01924140751361847,
            "count": 2
        },
        "Tennis.Policy.ExtrinsicBaselineEstimate.sum": {
            "value": 46.410274505615234,
            "min": -3.7051010131835938,
            "max": 46.410274505615234,
            "count": 2
        },
        "Tennis.Policy.ExtrinsicValueEstimate.mean": {
            "value": 0.01924140751361847,
            "min": -0.0014802641235291958,
            "max": 0.01924140751361847,
            "count": 2
        },
        "Tennis.Policy.ExtrinsicValueEstimate.sum": {
            "value": 46.410274505615234,
            "min": -3.7051010131835938,
            "max": 46.410274505615234,
            "count": 2
        },
        "Tennis.Environment.CumulativeReward.mean": {
            "value": 0.009950248756218905,
            "min": -0.031562125449460646,
            "max": 0.009950248756218905,
            "count": 2
        },
        "Tennis.Environment.CumulativeReward.sum": {
            "value": 24.0,
            "min": -79.0,
            "max": 24.0,
            "count": 2
        },
        "Tennis.Policy.ExtrinsicReward.mean": {
            "value": 0.009950248756218905,
            "min": -0.031562125449460646,
            "max": 0.009950248756218905,
            "count": 2
        },
        "Tennis.Policy.ExtrinsicReward.sum": {
            "value": 24.0,
            "min": -79.0,
            "max": 24.0,
            "count": 2
        },
        "Tennis.Environment.GroupCumulativeReward.mean": {
            "value": 0.0,
            "min": 0.0,
            "max": 0.0,
            "count": 2
        },
        "Tennis.Environment.GroupCumulativeReward.sum": {
            "value": 0.0,
            "min": 0.0,
            "max": 0.0,
            "count": 2
        },
        "Tennis.Losses.PolicyLoss.mean": {
            "value": 0.015816146422487992,
            "min": 0.014928121146901199,
            "max": 0.015816146422487992,
            "count": 2
        },
        "Tennis.Losses.PolicyLoss.sum": {
            "value": 0.031632292844975984,
            "min": 0.029856242293802397,
            "max": 0.031632292844975984,
            "count": 2
        },
        "Tennis.Losses.ValueLoss.mean": {
            "value": 0.021804055323203404,
            "min": 0.021804055323203404,
            "max": 0.08904574634507298,
            "count": 2
        },
        "Tennis.Losses.ValueLoss.sum": {
            "value": 0.04360811064640681,
            "min": 0.04360811064640681,
            "max": 0.17809149269014596,
            "count": 2
        },
        "Tennis.Losses.BaselineLoss.mean": {
            "value": 0.021868137270212175,
            "min": 0.021868137270212175,
            "max": 0.16476944889873266,
            "count": 2
        },
        "Tennis.Losses.BaselineLoss.sum": {
            "value": 0.04373627454042435,
            "min": 0.04373627454042435,
            "max": 0.3295388977974653,
            "count": 2
        },
        "Tennis.Policy.LearningRate.mean": {
            "value": 0.0003,
            "min": 0.0003,
            "max": 0.0003,
            "count": 2
        },
        "Tennis.Policy.LearningRate.sum": {
            "value": 0.0006,
            "min": 0.0006,
            "max": 0.0006,
            "count": 2
        },
        "Tennis.Policy.Epsilon.mean": {
            "value": 0.20000000000000007,
            "min": 0.20000000000000007,
            "max": 0.20000000000000007,
            "count": 2
        },
        "Tennis.Policy.Epsilon.sum": {
            "value": 0.40000000000000013,
            "min": 0.40000000000000013,
            "max": 0.40000000000000013,
            "count": 2
        },
        "Tennis.Policy.Beta.mean": {
            "value": 0.005000000000000001,
            "min": 0.005000000000000001,
            "max": 0.005000000000000001,
            "count": 2
        },
        "Tennis.Policy.Beta.sum": {
            "value": 0.010000000000000002,
            "min": 0.010000000000000002,
            "max": 0.010000000000000002,
            "count": 2
        },
        "Tennis.IsTraining.mean": {
            "value": 1.0,
            "min": 1.0,
            "max": 1.0,
            "count": 2
        },
        "Tennis.IsTraining.sum": {
            "value": 1.0,
            "min": 1.0,
            "max": 1.0,
            "count": 2
        }
    },
    "metadata": {
        "timer_format_version": "0.1.0",
        "start_time_seconds": "1684672988",
        "python_version": "3.9.16 (main, Mar  8 2023, 10:39:24) [MSC v.1916 64 bit (AMD64)]",
        "command_line_arguments": "D:\\jordy\\Games\\Unity_Games\\Anaconda_map\\envs\\MLAgents_venv\\Scripts\\mlagents-learn config/tennis.yaml --run-id=tennis2",
        "mlagents_version": "0.30.0",
        "mlagents_envs_version": "0.30.0",
        "communication_protocol_version": "1.5.0",
        "pytorch_version": "1.7.1+cu110",
        "numpy_version": "1.21.2",
        "end_time_seconds": "1684674223"
    },
    "total": 1235.0574672999999,
    "count": 1,
    "self": 0.005122899999832953,
    "children": {
        "run_training.setup": {
            "total": 0.08686679999999991,
            "count": 1,
            "self": 0.08686679999999991
        },
        "TrainerController.start_learning": {
            "total": 1234.9654776,
            "count": 1,
            "self": 2.6555386999657458,
            "children": {
                "TrainerController._reset_env": {
                    "total": 11.4405836,
                    "count": 1,
                    "self": 11.4405836
                },
                "TrainerController.advance": {
                    "total": 1220.5393546000341,
                    "count": 156254,
                    "self": 2.449219600023298,
                    "children": {
                        "env_step": {
                            "total": 1106.4446118000083,
                            "count": 156254,
                            "self": 591.9937107000343,
                            "children": {
                                "SubprocessEnvManager._take_step": {
                                    "total": 512.8146439000004,
                                    "count": 156254,
                                    "self": 13.090421500014259,