{
    "name": "root",
    "gauges": {
        "Tennis.Policy.Entropy.mean": {
            "value": 1.298201084136963,
            "min": 1.2656676769256592,
            "max": 1.4187016487121582,
            "count": 30
        },
        "Tennis.Policy.Entropy.sum": {
            "value": 129666.921875,
            "min": 126462.984375,
            "max": 142136.875,
            "count": 30
        },
        "Tennis.Environment.EpisodeLength.mean": {
            "value": 34.69,
            "min": 19.277957860615885,
            "max": 34.69,
            "count": 30
        },
        "Tennis.Environment.EpisodeLength.sum": {
            "value": 97132.0,
            "min": 95050.0,
            "max": 97232.0,
            "count": 30
        },
        "Tennis.Self-play.ELO.mean": {
            "value": 1476.1158800347876,
            "min": 1196.3111932248835,
            "max": 1476.1158800347876,
            "count": 30
        },
        "Tennis.Self-play.ELO.sum": {
            "value": 2066562.2320487027,
            "min": 1895383.6815955855,
            "max": 2952496.0248790123,
            "count": 30
        },
        "Tennis.Step.mean": {
            "value": 1499996.0,
            "min": 49990.0,
            "max": 1499996.0,
            "count": 30
        },
        "Tennis.Step.sum": {
            "value": 1499996.0,
            "min": 49990.0,
            "max": 1499996.0,
            "count": 30
        },
        "Tennis.Policy.ExtrinsicValueEstimate.mean": {
            "value": 0.8523566722869873,
            "min": -0.2250974029302597,
            "max": 0.8658125996589661,
            "count": 30
        },
        "Tennis.Policy.ExtrinsicValueEstimate.sum": {
            "value": 1193.29931640625,
            "min": -549.0125732421875,
            "max": 1239.8436279296875,
            "count": 30
        },
        "Tennis.Policy.GailValueEstimate.mean": {
            "value": 0.08998559415340424,
            "min": 0.08998559415340424,
            "max": 3.406381368637085,
            "count": 30
        },
        "Tennis.Policy.GailValueEstimate.sum": {
            "value": 125.97982788085938,
            "min": 125.97982788085938,
            "max": 8403.54296875,
            "count": 30
        },
        "Tennis.Environment.CumulativeReward.mean": {
            "value": 1.0987857266409056,
            "min": -0.25233076391405646,
            "max": 1.0997863369874465,
            "count": 30
        },
        "Tennis.Environment.CumulativeReward.sum": {
            "value": 1538.300017297268,
            "min": -622.4999945759773,
            "max": 1544.100017130375,
            "count": 30
        },
        "Tennis.Policy.ExtrinsicReward.mean": {
            "value": 1.0987857266409056,
            "min": -0.25233076391405646,
            "max": 1.0997863369874465,
            "count": 30
        },
        "Tennis.Policy.ExtrinsicReward.sum": {
            "value": 1538.300017297268,
            "min": -622.4999945759773,
            "max": 1544.100017130375,
            "count": 30
        },
        "Tennis.Policy.GailReward.mean": {
            "value": 0.2124309484101832,
            "min": 0.20461802351198116,
            "max": 5.214870923393933,
            "count": 30
        },
        "Tennis.Policy.GailReward.sum": {
            "value": 297.40332777425647,
            "min": 290.9668294340372,
            "max": 12865.086568012834,
            "count": 30
        },
        "Tennis.Losses.PolicyLoss.mean": {
            "value": 0.01729438068448669,
            "min": 0.012829789837511877,
            "max": 0.019696406127574544,
            "count": 30
        },
        "Tennis.Losses.PolicyLoss.sum": {
            "value": 0.05188314205346008,
            "min": 0.025659579675023754,
            "max": 0.05666595119206856,
            "count": 30
        },
        "Tennis.Losses.ValueLoss.mean": {
            "value": 0.047230900161796145,
            "min": 0.047230900161796145,
            "max": 1.9792493571837744,
            "count": 30
        },
        "Tennis.Losses.ValueLoss.sum": {
            "value": 0.14169270048538843,
            "min": 0.11098665570219357,
            "max": 3.9584987143675487,
            "count": 30
        },
        "Tennis.Policy.LearningRate.mean": {
            "value": 0.0003,
            "min": 0.0003,
            "max": 0.0003,
            "count": 30
        },
        "Tennis.Policy.LearningRate.sum": {
            "value": 0.0009,
            "min": 0.0006,
            "max": 0.0009,
            "count": 30
        },
        "Tennis.Policy.Epsilon.mean": {
            "value": 0.20000000000000007,
            "min": 0.20000000000000007,
            "max": 0.20000000000000007,
            "count": 30
        },
        "Tennis.Policy.Epsilon.sum": {
            "value": 0.6000000000000002,
            "min": 0.40000000000000013,
            "max": 0.6000000000000002,
            "count": 30
        },
        "Tennis.Policy.Beta.mean": {
            "value": 0.005000000000000001,
            "min": 0.005000000000000001,
            "max": 0.005000000000000001,
            "count": 30
        },
        "Tennis.Policy.Beta.sum": {
            "value": 0.015000000000000003,
            "min": 0.010000000000000002,
            "max": 0.015000000000000003,
            "count": 30
        },
        "Tennis.Policy.GAILPolicyEstimate.mean": {
            "value": 0.007021332226900591,
            "min": 0.007021332226900591,
            "max": 0.13596709383030733,
            "count": 30
        },
        "Tennis.Policy.GAILPolicyEstimate.sum": {
            "value": 0.021063996680701774,
            "min": 0.014603421138599516,
            "max": 0.27193418766061467,
            "count": 30
        },
        "Tennis.Policy.GAILExpertEstimate.mean": {
            "value": 0.9941553235054016,
            "min": 0.8614975621302923,
            "max": 0.9941553235054016,
            "count": 30
        },
        "Tennis.Policy.GAILExpertEstimate.sum": {
            "value": 2.9824659705162047,
            "min": 1.7229951242605845,
            "max": 2.9824659705162047,
            "count": 30
        },
        "Tennis.Losses.GAILLoss.mean": {
            "value": 0.012993006749699512,
            "min": 0.012993006749699512,
            "max": 0.3296601054569085,
            "count": 30
        },
        "Tennis.Losses.GAILLoss.sum": {
            "value": 0.03897902024909854,
            "min": 0.027776971366256474,
            "max": 0.659320210913817,
            "count": 30
        },
        "Tennis.Policy.GAILGradMagLoss.mean": {
            "value": 0.026536919042054147,
            "min": 0.026536919042054147,
            "max": 8.241459695498149,
            "count": 30
        },
        "Tennis.Policy.GAILGradMagLoss.sum": {
            "value": 0.07961075712616245,
            "min": 0.056713265677293144,
            "max": 16.482919390996297,
            "count": 30
        },
        "Tennis.Losses.PretrainingLoss.mean": {
            "value": 0.7258544696701897,
            "min": 0.7230090002218882,
            "max": 1.159806807835897,
            "count": 30
        },
        "Tennis.Losses.PretrainingLoss.sum": {
            "value": 2.177563409010569,
            "min": 1.4460180004437764,
            "max": 3.134424050649007,
            "count": 30
        },
        "Tennis.IsTraining.mean": {
            "value": 1.0,
            "min": 1.0,
            "max": 1.0,
            "count": 30
        },
        "Tennis.IsTraining.sum": {
            "value": 1.0,
            "min": 1.0,
            "max": 1.0,
            "count": 30
        }
    },
    "metadata": {
        "timer_format_version": "0.1.0",
        "start_time_seconds": "1685390434",
        "python_version": "3.9.16 (main, Mar  8 2023, 10:39:24) [MSC v.1916 64 bit (AMD64)]",